,filepath,uniqueness
255,/home/yiwei/Documents/New Fast Image Analysis/Kartaview_Dataset/Rest_set/47421_3daa3_58933efd213c8.jpg,1.0
66,/home/yiwei/Documents/New Fast Image Analysis/Kartaview_Dataset/Basic_set/186544_ff07a_5919bf7c1de2f.jpg,0.893870512758628
151,/home/yiwei/Documents/New Fast Image Analysis/Kartaview_Dataset/Rest_set/2993674_df905_5f56f65e037f7.jpg,0.8759305409190001
54,/home/yiwei/Documents/New Fast Image Analysis/Kartaview_Dataset/Rest_set/2993674_b1718_5f56f67bd6a81.jpg,0.8703790735420541
10,/home/yiwei/Documents/New Fast Image Analysis/Kartaview_Dataset/Rest_set/3270717_5d3a0_5fb954d102dd4.jpg,0.8333760681018845
39,/home/yiwei/Documents/New Fast Image Analysis/Kartaview_Dataset/Basic_set/3270777_06fbf_5fb9567692a11.jpg,0.8021218741201783
115,/home/yiwei/Documents/New Fast Image Analysis/Kartaview_Dataset/Rest_set/186548_84b13_5919c2e912f1b.jpg,0.7859986520876752
227,/home/yiwei/Documents/New Fast Image Analysis/Kartaview_Dataset/Basic_set/3270777_6f290_5fb9577d2fedb.jpg,0.7789151947155206
25,/home/yiwei/Documents/New Fast Image Analysis/Kartaview_Dataset/Rest_set/3270717_6115a_5fb954cf62950.jpg,0.7732621493849772
52,/home/yiwei/Documents/New Fast Image Analysis/Kartaview_Dataset/Basic_set/3270777_aef59_5fb9575c71a6e.jpg,0.7462171969644894
180,/home/yiwei/Documents/New Fast Image Analysis/Kartaview_Dataset/Rest_set/186548_8b47d_5919c2d79d98d.jpg,0.7324976817363901
96,/home/yiwei/Documents/New Fast Image Analysis/Kartaview_Dataset/Rest_set/3346325_bbf59_5ff1063070b33.jpg,0.7260130540338284
73,/home/yiwei/Documents/New Fast Image Analysis/Kartaview_Dataset/Basic_set/3270777_55f72_5fb959be68f39.jpg,0.675766046169923
86,/home/yiwei/Documents/New Fast Image Analysis/Kartaview_Dataset/Rest_set/3245485_123b9_5fb3cf2051ed2.jpg,0.6635593069158656
105,/home/yiwei/Documents/New Fast Image Analysis/Kartaview_Dataset/Rest_set/186548_8851f_5919c33330f02.jpg,0.6507830977361923
36,/home/yiwei/Documents/New Fast Image Analysis/Kartaview_Dataset/Basic_set/3270777_56b8b_5fb9580450343.jpg,0.646576938876008
97,/home/yiwei/Documents/New Fast Image Analysis/Kartaview_Dataset/Basic_set/3270777_1ae62_5fb95706c9b31.jpg,0.6328539413315306
254,/home/yiwei/Documents/New Fast Image Analysis/Kartaview_Dataset/Rest_set/186548_b32c8_5919c41b5adfd.jpg,0.6306918034876894
250,/home/yiwei/Documents/New Fast Image Analysis/Kartaview_Dataset/Basic_set/3270777_689bb_5fb95a245f702.jpg,0.6251700001459726
87,/home/yiwei/Documents/New Fast Image Analysis/Kartaview_Dataset/Rest_set/2993674_951c3_5f56f42a98631.jpg,0.6208185153431455
103,/home/yiwei/Documents/New Fast Image Analysis/Kartaview_Dataset/Basic_set/3270777_68f7b_5fb956aa0cc88.jpg,0.6114821322533067
163,/home/yiwei/Documents/New Fast Image Analysis/Kartaview_Dataset/Basic_set/3270777_d940a_5fb95503d8998.jpg,0.6049395950521081
91,/home/yiwei/Documents/New Fast Image Analysis/Kartaview_Dataset/Basic_set/3270777_be465_5fb9595a960a5.jpg,0.6017872973378352
134,/home/yiwei/Documents/New Fast Image Analysis/Kartaview_Dataset/Basic_set/3270777_d7365_5fb955b3116f5.jpg,0.6012853053439746
167,/home/yiwei/Documents/New Fast Image Analysis/Kartaview_Dataset/Rest_set/186548_ba53c_5919c293e19a9.jpg,0.587055172149748
12,/home/yiwei/Documents/New Fast Image Analysis/Kartaview_Dataset/Basic_set/3270777_30e25_5fb9591500c32.jpg,0.5867045828018297
263,/home/yiwei/Documents/New Fast Image Analysis/Kartaview_Dataset/Rest_set/3596421_47a990547d0aeaf4ed6932770a55952e.jpg,0.5848302965091371
106,/home/yiwei/Documents/New Fast Image Analysis/Kartaview_Dataset/Basic_set/3270777_9e4a4_5fb959f4c9a1d.jpg,0.5788138534708793
154,/home/yiwei/Documents/New Fast Image Analysis/Kartaview_Dataset/Basic_set/3270777_16c93_5fb959429a60c.jpg,0.5784448535579005
1,/home/yiwei/Documents/New Fast Image Analysis/Kartaview_Dataset/Basic_set/3270777_ecbb9_5fb95917402af.jpg,0.5762326870575813
214,/home/yiwei/Documents/New Fast Image Analysis/Kartaview_Dataset/Rest_set/3245485_43542_5fb3cf2b5736e.jpg,0.5734803354569219
98,/home/yiwei/Documents/New Fast Image Analysis/Kartaview_Dataset/Basic_set/3270777_a7648_5fb95a0d4e6cd.jpg,0.5718326990321839
20,/home/yiwei/Documents/New Fast Image Analysis/Kartaview_Dataset/Basic_set/3270777_8672d_5fb9596c23feb.jpg,0.5699261434842329
32,/home/yiwei/Documents/New Fast Image Analysis/Kartaview_Dataset/Basic_set/3270777_934ce_5fb956913dce1.jpg,0.5687209608913633
30,/home/yiwei/Documents/New Fast Image Analysis/Kartaview_Dataset/Basic_set/3270777_de46a_5fb9563cd6f50.jpg,0.5668984156224061
24,/home/yiwei/Documents/New Fast Image Analysis/Kartaview_Dataset/Basic_set/3270777_52afa_5fb958023f0f1.jpg,0.5614941833742068
240,/home/yiwei/Documents/New Fast Image Analysis/Kartaview_Dataset/Basic_set/3270777_c88f5_5fb959dc05407.jpg,0.5612194910256713
82,/home/yiwei/Documents/New Fast Image Analysis/Kartaview_Dataset/Rest_set/3270717_1df30_5fb954458697c.jpg,0.5522467278995342
69,/home/yiwei/Documents/New Fast Image Analysis/Kartaview_Dataset/Basic_set/3270777_d7fc8_5fb957efc188f.jpg,0.5502938286005515
264,/home/yiwei/Documents/New Fast Image Analysis/Kartaview_Dataset/Basic_set/3270777_c7c60_5fb958071284c.jpg,0.5489302418544897
187,/home/yiwei/Documents/New Fast Image Analysis/Kartaview_Dataset/Basic_set/3270777_f3058_5fb9570b9a258.jpg,0.5450942968972223
169,/home/yiwei/Documents/New Fast Image Analysis/Kartaview_Dataset/Basic_set/3270777_d6c35_5fb957b3a451a.jpg,0.5437254464609594
122,/home/yiwei/Documents/New Fast Image Analysis/Kartaview_Dataset/Basic_set/3270777_edaf2_5fb957987b553.jpg,0.5381955486765644
53,/home/yiwei/Documents/New Fast Image Analysis/Kartaview_Dataset/Basic_set/3270777_9136c_5fb95565a046f.jpg,0.5347965797437978
171,/home/yiwei/Documents/New Fast Image Analysis/Kartaview_Dataset/Basic_set/3270777_6437a_5fb95a4760841.jpg,0.5332523187306321
248,/home/yiwei/Documents/New Fast Image Analysis/Kartaview_Dataset/Basic_set/3270777_79b84_5fb957ffe971b.jpg,0.5293440824337354
51,/home/yiwei/Documents/New Fast Image Analysis/Kartaview_Dataset/Basic_set/3270777_94992_5fb9577881183.jpg,0.5286712390771461
49,/home/yiwei/Documents/New Fast Image Analysis/Kartaview_Dataset/Rest_set/186548_72e79_5919c2f084acf.jpg,0.5281685869245408
100,/home/yiwei/Documents/New Fast Image Analysis/Kartaview_Dataset/Rest_set/3270717_d6804_5fb953ed8866d.jpg,0.5275673815722166
43,/home/yiwei/Documents/New Fast Image Analysis/Kartaview_Dataset/Basic_set/3270777_9c1f4_5fb957cdca7de.jpg,0.5260748082297582
101,/home/yiwei/Documents/New Fast Image Analysis/Kartaview_Dataset/Rest_set/3270717_0c39b_5fb954c508254.jpg,0.5233566796790792
230,/home/yiwei/Documents/New Fast Image Analysis/Kartaview_Dataset/Rest_set/3270717_342e8_5fb9547a432e3.jpg,0.5229060023947382
129,/home/yiwei/Documents/New Fast Image Analysis/Kartaview_Dataset/Basic_set/3270777_2e41a_5fb95a2987ef9.jpg,0.5223899538470553
159,/home/yiwei/Documents/New Fast Image Analysis/Kartaview_Dataset/Rest_set/186548_506b4_5919c41787cf9.jpg,0.5204944387624164
68,/home/yiwei/Documents/New Fast Image Analysis/Kartaview_Dataset/Rest_set/186548_e811e_5919c3a959c05.jpg,0.5203484145943635
196,/home/yiwei/Documents/New Fast Image Analysis/Kartaview_Dataset/Rest_set/3270717_d8191_5fb954273bb1a.jpg,0.5179344258912655
249,/home/yiwei/Documents/New Fast Image Analysis/Kartaview_Dataset/Basic_set/3270777_8c768_5fb956cb50048.jpg,0.5174507054240749
261,/home/yiwei/Documents/New Fast Image Analysis/Kartaview_Dataset/Rest_set/186548_2ddf1_5919c3ba594bc.jpg,0.514160774302765
28,/home/yiwei/Documents/New Fast Image Analysis/Kartaview_Dataset/Rest_set/3235221_0ccd4_5fabfdf4e04c1.jpg,0.5120843846553511
155,/home/yiwei/Documents/New Fast Image Analysis/Kartaview_Dataset/Basic_set/3270777_cb610_5fb9577a7768e.jpg,0.5094729274384057
90,/home/yiwei/Documents/New Fast Image Analysis/Kartaview_Dataset/Basic_set/3270777_06640_5fb956d306e06.jpg,0.504934812717912
33,/home/yiwei/Documents/New Fast Image Analysis/Kartaview_Dataset/Basic_set/3270777_e0f90_5fb956aed5548.jpg,0.504338723864567
45,/home/yiwei/Documents/New Fast Image Analysis/Kartaview_Dataset/Rest_set/186548_e811e_5919c3bb6881c.jpg,0.5014742252018083
23,/home/yiwei/Documents/New Fast Image Analysis/Kartaview_Dataset/Basic_set/3270777_1a537_5fb956b3e09b5.jpg,0.5011866178161252
35,/home/yiwei/Documents/New Fast Image Analysis/Kartaview_Dataset/Basic_set/3270777_b2e98_5fb95546c7a24.jpg,0.4950827291149457
137,/home/yiwei/Documents/New Fast Image Analysis/Kartaview_Dataset/Basic_set/3270777_3228c_5fb957d06d693.jpg,0.49044786441545873
80,/home/yiwei/Documents/New Fast Image Analysis/Kartaview_Dataset/Rest_set/186548_f3ad4_5919c411e7771.jpg,0.48701174015657345
165,/home/yiwei/Documents/New Fast Image Analysis/Kartaview_Dataset/Rest_set/186548_9a9b0_5919c3594220b.jpg,0.48475409140568515
2,/home/yiwei/Documents/New Fast Image Analysis/Kartaview_Dataset/Basic_set/3270777_05218_5fb956ac9a996.jpg,0.4830828369136723
15,/home/yiwei/Documents/New Fast Image Analysis/Kartaview_Dataset/Basic_set/3270777_4734e_5fb956b10763b.jpg,0.4825163511419066
109,/home/yiwei/Documents/New Fast Image Analysis/Kartaview_Dataset/Rest_set/186548_597f0_5919c2f948e84.jpg,0.48251481045074973
262,/home/yiwei/Documents/New Fast Image Analysis/Kartaview_Dataset/Basic_set/3270777_b9100_5fb954fd4c86f.jpg,0.4816509707216244
27,/home/yiwei/Documents/New Fast Image Analysis/Kartaview_Dataset/Rest_set/3270717_c6ead_5fb9535e20034.jpg,0.4796917043703223
7,/home/yiwei/Documents/New Fast Image Analysis/Kartaview_Dataset/Rest_set/186548_41850_5919c32ed4e30.jpg,0.47777324045843605
81,/home/yiwei/Documents/New Fast Image Analysis/Kartaview_Dataset/Basic_set/3270777_caa6e_5fb956cd87807.jpg,0.4747816928573155
70,/home/yiwei/Documents/New Fast Image Analysis/Kartaview_Dataset/Rest_set/186548_91044_5919c4566ea83.jpg,0.47296461435724035
38,/home/yiwei/Documents/New Fast Image Analysis/Kartaview_Dataset/Rest_set/186548_7df7d_5919c42e6e995.jpg,0.4726195553499644
229,/home/yiwei/Documents/New Fast Image Analysis/Kartaview_Dataset/Rest_set/186548_f3ad4_5919c4207100b.jpg,0.469855032245572
104,/home/yiwei/Documents/New Fast Image Analysis/Kartaview_Dataset/Rest_set/186548_8851f_5919c336a57e3.jpg,0.464153056499287
99,/home/yiwei/Documents/New Fast Image Analysis/Kartaview_Dataset/Rest_set/186548_47b84_5919c2b38776c.jpg,0.4637046841020831
44,/home/yiwei/Documents/New Fast Image Analysis/Kartaview_Dataset/Basic_set/3270777_fbb04_5fb954f36c7b0.jpg,0.45250486884078406
236,/home/yiwei/Documents/New Fast Image Analysis/Kartaview_Dataset/Rest_set/186548_987eb_5919c3a69b63b.jpg,0.4486395635844542
56,/home/yiwei/Documents/New Fast Image Analysis/Kartaview_Dataset/Rest_set/3270717_ff043_5fb95397216c1.jpg,0.4477968487539044
133,/home/yiwei/Documents/New Fast Image Analysis/Kartaview_Dataset/Rest_set/3235221_5a687_5fabfe10bd5b4.jpg,0.44770541697812116
135,/home/yiwei/Documents/New Fast Image Analysis/Kartaview_Dataset/Rest_set/186548_35eee_5919c424b3b31.jpg,0.44490664228043836
16,/home/yiwei/Documents/New Fast Image Analysis/Kartaview_Dataset/Basic_set/3270777_c5ebf_5fb955128143d.jpg,0.44158816027523945
40,/home/yiwei/Documents/New Fast Image Analysis/Kartaview_Dataset/Basic_set/3270777_23420_5fb954f5d4338.jpg,0.4360563693075756
57,/home/yiwei/Documents/New Fast Image Analysis/Kartaview_Dataset/Rest_set/186548_b9fe2_5919c377bc6ab.jpg,0.4351160781572622
157,/home/yiwei/Documents/New Fast Image Analysis/Kartaview_Dataset/Rest_set/186548_1e9cd_5919c437ade71.jpg,0.43287301128011185
181,/home/yiwei/Documents/New Fast Image Analysis/Kartaview_Dataset/Rest_set/186548_3deb8_5919c3024e74a.jpg,0.4309033262352887
111,/home/yiwei/Documents/New Fast Image Analysis/Kartaview_Dataset/Rest_set/186548_dcf3d_5919c34e654ef.jpg,0.42951430608768526
17,/home/yiwei/Documents/New Fast Image Analysis/Kartaview_Dataset/Rest_set/186548_72e79_5919c2f5a487d.jpg,0.42081990380399575
125,/home/yiwei/Documents/New Fast Image Analysis/Kartaview_Dataset/Rest_set/3235221_c1eb9_5fabfe0c3c48c.jpg,0.42010787428702895
142,/home/yiwei/Documents/New Fast Image Analysis/Kartaview_Dataset/Rest_set/186548_35eee_5919c42e600dd.jpg,0.41983977275864226
29,/home/yiwei/Documents/New Fast Image Analysis/Kartaview_Dataset/Rest_set/186548_987eb_5919c39e4ae75.jpg,0.4188582057262075
173,/home/yiwei/Documents/New Fast Image Analysis/Kartaview_Dataset/Rest_set/186548_41850_5919c3401f6d7.jpg,0.4166220859321746
247,/home/yiwei/Documents/New Fast Image Analysis/Kartaview_Dataset/Rest_set/186548_6abdf_5919c449be5e1.jpg,0.4084055092961149
22,/home/yiwei/Documents/New Fast Image Analysis/Kartaview_Dataset/Rest_set/3235221_7312e_5fabfdf98709a.jpg,0.4078854100210871
76,/home/yiwei/Documents/New Fast Image Analysis/Kartaview_Dataset/Rest_set/3270717_1ddc8_5fb953b2a5605.jpg,0.40667617566387565
183,/home/yiwei/Documents/New Fast Image Analysis/Kartaview_Dataset/Rest_set/186548_6abdf_5919c44007fc7.jpg,0.40579866013819205
260,/home/yiwei/Documents/New Fast Image Analysis/Kartaview_Dataset/Rest_set/186548_1e9cd_5919c44079025.jpg,0.40350801233528105
8,/home/yiwei/Documents/New Fast Image Analysis/Kartaview_Dataset/Rest_set/2993674_a41d8_5f56f713b2f0a.jpg,0.4023991144872236
138,/home/yiwei/Documents/New Fast Image Analysis/Kartaview_Dataset/Rest_set/3270717_cc260_5fb953d155b3a.jpg,0.3979593670242128
58,/home/yiwei/Documents/New Fast Image Analysis/Kartaview_Dataset/Rest_set/186548_506b4_5919c409a06ac.jpg,0.39701360160886917
74,/home/yiwei/Documents/New Fast Image Analysis/Kartaview_Dataset/Rest_set/186548_91d03_5919c3cd51804.jpg,0.39645281189339543
150,/home/yiwei/Documents/New Fast Image Analysis/Kartaview_Dataset/Rest_set/186548_cf70c_5919c39000553.jpg,0.3933076494014195
219,/home/yiwei/Documents/New Fast Image Analysis/Kartaview_Dataset/Rest_set/2993674_a6fdc_5f56f6f541c37.jpg,0.3923968364549903
75,/home/yiwei/Documents/New Fast Image Analysis/Kartaview_Dataset/Rest_set/186548_81610_5919c3e2936d4.jpg,0.39074055000780084
26,/home/yiwei/Documents/New Fast Image Analysis/Kartaview_Dataset/Rest_set/3270717_f74b3_5fb9537a124ce.jpg,0.3887507059734842
14,/home/yiwei/Documents/New Fast Image Analysis/Kartaview_Dataset/Rest_set/186548_a9b9c_5919c28cb0d8f.jpg,0.38828476299240733
9,/home/yiwei/Documents/New Fast Image Analysis/Kartaview_Dataset/Rest_set/186548_cf70c_5919c38a5257b.jpg,0.38814965989527367
47,/home/yiwei/Documents/New Fast Image Analysis/Kartaview_Dataset/Rest_set/186548_6abdf_5919c44c4f6b4.jpg,0.3863185104599192
18,/home/yiwei/Documents/New Fast Image Analysis/Kartaview_Dataset/Rest_set/3235221_4f401_5fabfe076fd36.jpg,0.3851051235952071
107,/home/yiwei/Documents/New Fast Image Analysis/Kartaview_Dataset/Rest_set/3270717_7e811_5fb953619173e.jpg,0.38451190989129974
31,/home/yiwei/Documents/New Fast Image Analysis/Kartaview_Dataset/Rest_set/186548_cc321_5919c3f384eaa.jpg,0.38033419721726786
136,/home/yiwei/Documents/New Fast Image Analysis/Kartaview_Dataset/Rest_set/186548_d7ced_5919c324e3706.jpg,0.3784756088517201
21,/home/yiwei/Documents/New Fast Image Analysis/Kartaview_Dataset/Rest_set/186548_b32c8_5919c4250a8bf.jpg,0.37728875392826927
257,/home/yiwei/Documents/New Fast Image Analysis/Kartaview_Dataset/Rest_set/186548_41850_5919c328a0b40.jpg,0.37457957073949516
161,/home/yiwei/Documents/New Fast Image Analysis/Kartaview_Dataset/Rest_set/186548_adb58_5919c3372a017.jpg,0.37405596320125123
72,/home/yiwei/Documents/New Fast Image Analysis/Kartaview_Dataset/Rest_set/186548_75541_5919c3c069e01.jpg,0.37379619010385684
92,/home/yiwei/Documents/New Fast Image Analysis/Kartaview_Dataset/Rest_set/186548_ac089_5919c385be020.jpg,0.37379152017299294
65,/home/yiwei/Documents/New Fast Image Analysis/Kartaview_Dataset/Rest_set/3235221_0d175_5fabfe0a9a80b.jpg,0.3729613363797609
174,/home/yiwei/Documents/New Fast Image Analysis/Kartaview_Dataset/Rest_set/186548_91044_5919c4514f9e6.jpg,0.3718699021990453
202,/home/yiwei/Documents/New Fast Image Analysis/Kartaview_Dataset/Basic_set/3270777_5cd09_5fb954f849035.jpg,0.36767776842032973
118,/home/yiwei/Documents/New Fast Image Analysis/Kartaview_Dataset/Rest_set/186548_75541_5919c3c545ca3.jpg,0.3667761746356648
201,/home/yiwei/Documents/New Fast Image Analysis/Kartaview_Dataset/Rest_set/186548_7df7d_5919c43717280.jpg,0.36418650477494274
50,/home/yiwei/Documents/New Fast Image Analysis/Kartaview_Dataset/Rest_set/186548_adb58_5919c326207c9.jpg,0.3640530507626202
147,/home/yiwei/Documents/New Fast Image Analysis/Kartaview_Dataset/Basic_set/3270777_e85c9_5fb955064e5fb.jpg,0.36321857901670296
4,/home/yiwei/Documents/New Fast Image Analysis/Kartaview_Dataset/Rest_set/186548_dd8a3_5919c3955d591.jpg,0.3630777354537373
239,/home/yiwei/Documents/New Fast Image Analysis/Kartaview_Dataset/Rest_set/186548_dd8a3_5919c39c7d023.jpg,0.36275696916035555
177,/home/yiwei/Documents/New Fast Image Analysis/Kartaview_Dataset/Rest_set/186548_adb58_5919c31edd66b.jpg,0.3613670254922455
84,/home/yiwei/Documents/New Fast Image Analysis/Kartaview_Dataset/Rest_set/186548_ac089_5919c3812d574.jpg,0.36063062240149296
218,/home/yiwei/Documents/New Fast Image Analysis/Kartaview_Dataset/Rest_set/186548_e811e_5919c3b080ece.jpg,0.360187120793028
126,/home/yiwei/Documents/New Fast Image Analysis/Kartaview_Dataset/Basic_set/3270777_f2fd0_5fb955015ad34.jpg,0.36016308971941235
60,/home/yiwei/Documents/New Fast Image Analysis/Kartaview_Dataset/Rest_set/186548_1d629_5919c40bb462c.jpg,0.3579029776160188
246,/home/yiwei/Documents/New Fast Image Analysis/Kartaview_Dataset/Rest_set/186548_1d629_5919c3fe27d10.jpg,0.35510291265290245
79,/home/yiwei/Documents/New Fast Image Analysis/Kartaview_Dataset/Rest_set/186548_506b4_5919c4145fa68.jpg,0.35245310172017075
192,/home/yiwei/Documents/New Fast Image Analysis/Kartaview_Dataset/Rest_set/186548_91d03_5919c3d1cc8e1.jpg,0.35167563915064914
3,/home/yiwei/Documents/New Fast Image Analysis/Kartaview_Dataset/Rest_set/186548_ff07a_5919c2b4bcac2.jpg,0.35066031445036744
197,/home/yiwei/Documents/New Fast Image Analysis/Kartaview_Dataset/Rest_set/186548_1e9cd_5919c4403708c.jpg,0.34906505594797793
55,/home/yiwei/Documents/New Fast Image Analysis/Kartaview_Dataset/Rest_set/186548_d7ced_5919c30af2ab9.jpg,0.348547245086436
41,/home/yiwei/Documents/New Fast Image Analysis/Kartaview_Dataset/Rest_set/186548_fe58c_5919c3eaad350.jpg,0.3406956443590244
235,/home/yiwei/Documents/New Fast Image Analysis/Kartaview_Dataset/Rest_set/186548_cc321_5919c3f979f29.jpg,0.33751505321343334
71,/home/yiwei/Documents/New Fast Image Analysis/Kartaview_Dataset/Rest_set/186548_048dc_5919c3d8e14e8.jpg,0.3351521108707073
195,/home/yiwei/Documents/New Fast Image Analysis/Kartaview_Dataset/Rest_set/186548_17988_5919c362c8b76.jpg,0.3320406604383422
130,/home/yiwei/Documents/New Fast Image Analysis/Kartaview_Dataset/Rest_set/186548_f3ad4_5919c419a7708.jpg,0.3306180614200553
194,/home/yiwei/Documents/New Fast Image Analysis/Kartaview_Dataset/Rest_set/186548_b32c8_5919c42200206.jpg,0.32962500185448174
113,/home/yiwei/Documents/New Fast Image Analysis/Kartaview_Dataset/Rest_set/186548_c1d14_5919c36c430b0.jpg,0.32955475456262917
216,/home/yiwei/Documents/New Fast Image Analysis/Kartaview_Dataset/Rest_set/186548_987eb_5919c3b249775.jpg,0.32775189063678956
182,/home/yiwei/Documents/New Fast Image Analysis/Kartaview_Dataset/Rest_set/186548_9a9b0_5919c35cc99b5.jpg,0.32717475486607145
85,/home/yiwei/Documents/New Fast Image Analysis/Kartaview_Dataset/Rest_set/186548_94bd6_5919c2a4792a6.jpg,0.326788577602924
213,/home/yiwei/Documents/New Fast Image Analysis/Kartaview_Dataset/Rest_set/186548_2ddf1_5919c3c51e62e.jpg,0.32436746802991884
225,/home/yiwei/Documents/New Fast Image Analysis/Kartaview_Dataset/Rest_set/186548_35eee_5919c42d26d5c.jpg,0.3237522568958129
238,/home/yiwei/Documents/New Fast Image Analysis/Kartaview_Dataset/Rest_set/186548_1d629_5919c40ea2bdc.jpg,0.3232177523006437
258,/home/yiwei/Documents/New Fast Image Analysis/Kartaview_Dataset/Rest_set/186548_91044_5919c449b3883.jpg,0.32289088039897984
210,/home/yiwei/Documents/New Fast Image Analysis/Kartaview_Dataset/Rest_set/186548_de48b_5919c3138999c.jpg,0.32266370720201715
78,/home/yiwei/Documents/New Fast Image Analysis/Kartaview_Dataset/Rest_set/186548_3b530_5919c28491309.jpg,0.3196779353629022
89,/home/yiwei/Documents/New Fast Image Analysis/Kartaview_Dataset/Rest_set/186548_506b4_5919c410dc77b.jpg,0.3161723153380387
209,/home/yiwei/Documents/New Fast Image Analysis/Kartaview_Dataset/Rest_set/186548_dcf3d_5919c3543b2b5.jpg,0.3112568311868299
253,/home/yiwei/Documents/New Fast Image Analysis/Kartaview_Dataset/Rest_set/186548_b9fe2_5919c37bd26f3.jpg,0.3069072283791963
117,/home/yiwei/Documents/New Fast Image Analysis/Kartaview_Dataset/Rest_set/186548_048dc_5919c3dc3eb5c.jpg,0.30687848133712886
237,/home/yiwei/Documents/New Fast Image Analysis/Kartaview_Dataset/Rest_set/186548_c1d14_5919c370d41ba.jpg,0.3052896308597136
231,/home/yiwei/Documents/New Fast Image Analysis/Kartaview_Dataset/Rest_set/186548_17988_5919c36673e1a.jpg,0.30494288316801504
149,/home/yiwei/Documents/New Fast Image Analysis/Kartaview_Dataset/Rest_set/186548_fe58c_5919c3f034f1a.jpg,0.3033830632400693
132,/home/yiwei/Documents/New Fast Image Analysis/Kartaview_Dataset/Rest_set/186548_e71d3_5919c2c414793.jpg,0.29680484427947756
95,/home/yiwei/Documents/New Fast Image Analysis/Kartaview_Dataset/Rest_set/186548_de48b_5919c31c5cf84.jpg,0.2954717969296837
34,/home/yiwei/Documents/New Fast Image Analysis/Kartaview_Dataset/Rest_set/186548_d7ced_5919c312a94a4.jpg,0.293657454353718
121,/home/yiwei/Documents/New Fast Image Analysis/Kartaview_Dataset/Rest_set/186548_17988_5919c377bcc9f.jpg,0.2902537194863451
144,/home/yiwei/Documents/New Fast Image Analysis/Kartaview_Dataset/Rest_set/186548_b3c43_5919c358ee295.jpg,0.2879719531793386
88,/home/yiwei/Documents/New Fast Image Analysis/Kartaview_Dataset/Rest_set/186548_dee7e_5919c2f12de39.jpg,0.28601523820945846
124,/home/yiwei/Documents/New Fast Image Analysis/Kartaview_Dataset/Rest_set/186548_1d629_5919c40788eda.jpg,0.2851462101008932
114,/home/yiwei/Documents/New Fast Image Analysis/Kartaview_Dataset/Rest_set/186548_7df7d_5919c43e03ad6.jpg,0.28471622380811246
251,/home/yiwei/Documents/New Fast Image Analysis/Kartaview_Dataset/Rest_set/186548_81610_5919c3e6f3bef.jpg,0.2842596153476831
166,/home/yiwei/Documents/New Fast Image Analysis/Kartaview_Dataset/Rest_set/186548_b3c43_5919c34892c50.jpg,0.2841846246796303
259,/home/yiwei/Documents/New Fast Image Analysis/Kartaview_Dataset/Basic_set/3270777_da663_5fb954faab30c.jpg,0.27779573826142584
120,/home/yiwei/Documents/New Fast Image Analysis/Kartaview_Dataset/Rest_set/186548_f3ad4_5919c41c6bccb.jpg,0.2765598816097136
179,/home/yiwei/Documents/New Fast Image Analysis/Kartaview_Dataset/Rest_set/186548_75541_5919c3d1adcb1.jpg,0.2753997319378451
156,/home/yiwei/Documents/New Fast Image Analysis/Kartaview_Dataset/Rest_set/186548_7967e_5919c2c6e2c5a.jpg,0.2751462370925766
190,/home/yiwei/Documents/New Fast Image Analysis/Kartaview_Dataset/Basic_set/3270777_46a08_5fb9550a9d90c.jpg,0.2729966889109407
67,/home/yiwei/Documents/New Fast Image Analysis/Kartaview_Dataset/Rest_set/186548_2fbf0_5919c33f09c68.jpg,0.2715895283825561
223,/home/yiwei/Documents/New Fast Image Analysis/Kartaview_Dataset/Rest_set/186548_91044_5919c459f1a84.jpg,0.27138319895237706
128,/home/yiwei/Documents/New Fast Image Analysis/Kartaview_Dataset/Rest_set/186548_de48b_5919c32e913aa.jpg,0.2701135235078264
256,/home/yiwei/Documents/New Fast Image Analysis/Kartaview_Dataset/Rest_set/186548_e0a45_5919c2ac8e8b3.jpg,0.2637831286274228
186,/home/yiwei/Documents/New Fast Image Analysis/Kartaview_Dataset/Rest_set/186548_dcf3d_5919c3623bccb.jpg,0.2632888461788881
252,/home/yiwei/Documents/New Fast Image Analysis/Kartaview_Dataset/Rest_set/186548_94bd6_5919c29c64379.jpg,0.2604906227375729
0,/home/yiwei/Documents/New Fast Image Analysis/Kartaview_Dataset/Rest_set/186548_3deb8_5919c318de2ea.jpg,0.2595285700727703
148,/home/yiwei/Documents/New Fast Image Analysis/Kartaview_Dataset/Rest_set/186548_9a9b0_5919c36c23ab9.jpg,0.2564675296942523
83,/home/yiwei/Documents/New Fast Image Analysis/Kartaview_Dataset/Rest_set/186548_b32c8_5919c4297a7c9.jpg,0.25228711257433567
222,/home/yiwei/Documents/New Fast Image Analysis/Kartaview_Dataset/Rest_set/186548_cf70c_5919c39e08c7b.jpg,0.2508209540363218
215,/home/yiwei/Documents/New Fast Image Analysis/Kartaview_Dataset/Rest_set/186548_cc321_5919c40607310.jpg,0.2492078934953086
146,/home/yiwei/Documents/New Fast Image Analysis/Kartaview_Dataset/Rest_set/186548_35eee_5919c433e1818.jpg,0.24837127649663626
13,/home/yiwei/Documents/New Fast Image Analysis/Kartaview_Dataset/Rest_set/186548_7967e_5919c2bb15584.jpg,0.24496280870258785
102,/home/yiwei/Documents/New Fast Image Analysis/Kartaview_Dataset/Rest_set/186548_ff07a_5919c2abcf0c3.jpg,0.24038407259890213
158,/home/yiwei/Documents/New Fast Image Analysis/Kartaview_Dataset/Rest_set/186548_b3c43_5919c35cae9eb.jpg,0.2403022761319042
93,/home/yiwei/Documents/New Fast Image Analysis/Kartaview_Dataset/Rest_set/186548_81610_5919c3f0402dc.jpg,0.23992526417860088
217,/home/yiwei/Documents/New Fast Image Analysis/Kartaview_Dataset/Rest_set/186548_dee7e_5919c2e566428.jpg,0.23418996018860508
233,/home/yiwei/Documents/New Fast Image Analysis/Kartaview_Dataset/Rest_set/186548_dcf3d_5919c364d3a42.jpg,0.23398367839618484
206,/home/yiwei/Documents/New Fast Image Analysis/Kartaview_Dataset/Rest_set/186548_597f0_5919c30e6ceb3.jpg,0.22996846915017138
226,/home/yiwei/Documents/New Fast Image Analysis/Kartaview_Dataset/Rest_set/186548_c1d14_5919c381a9f6b.jpg,0.228860544207186
203,/home/yiwei/Documents/New Fast Image Analysis/Kartaview_Dataset/Rest_set/186548_e0a45_5919c2a428a4b.jpg,0.22882456995333045
232,/home/yiwei/Documents/New Fast Image Analysis/Kartaview_Dataset/Rest_set/186548_17988_5919c37800713.jpg,0.22840887430692458
189,/home/yiwei/Documents/New Fast Image Analysis/Kartaview_Dataset/Rest_set/186548_2fbf0_5919c34eca9dd.jpg,0.22793528544653618
168,/home/yiwei/Documents/New Fast Image Analysis/Kartaview_Dataset/Rest_set/186548_ac089_5919c395458bb.jpg,0.2274428765400682
164,/home/yiwei/Documents/New Fast Image Analysis/Kartaview_Dataset/Rest_set/186548_3deb8_5919c3087abb5.jpg,0.22684001296682443
127,/home/yiwei/Documents/New Fast Image Analysis/Kartaview_Dataset/Rest_set/186548_84b13_5919c2ed3002b.jpg,0.2248517588317576
220,/home/yiwei/Documents/New Fast Image Analysis/Kartaview_Dataset/Rest_set/186548_9a9b0_5919c36e4477b.jpg,0.22413062534978123
141,/home/yiwei/Documents/New Fast Image Analysis/Kartaview_Dataset/Rest_set/186548_048dc_5919c3e6e94dd.jpg,0.22408852709261554
221,/home/yiwei/Documents/New Fast Image Analysis/Kartaview_Dataset/Rest_set/186548_dd8a3_5919c3a87eefc.jpg,0.22380651678821356
198,/home/yiwei/Documents/New Fast Image Analysis/Kartaview_Dataset/Rest_set/186548_fe58c_5919c3f95dc0d.jpg,0.22350688053954096
143,/home/yiwei/Documents/New Fast Image Analysis/Kartaview_Dataset/Rest_set/186548_6abdf_5919c45143250.jpg,0.2220079327431867
245,/home/yiwei/Documents/New Fast Image Analysis/Kartaview_Dataset/Rest_set/186548_048dc_5919c3e791be2.jpg,0.21942979397114304
175,/home/yiwei/Documents/New Fast Image Analysis/Kartaview_Dataset/Rest_set/186548_1e9cd_5919c44727eed.jpg,0.21878654242452591
242,/home/yiwei/Documents/New Fast Image Analysis/Kartaview_Dataset/Rest_set/186548_2fbf0_5919c35457942.jpg,0.21675319223807818
199,/home/yiwei/Documents/New Fast Image Analysis/Kartaview_Dataset/Rest_set/186548_cc321_5919c402d23b0.jpg,0.21478155155831588
162,/home/yiwei/Documents/New Fast Image Analysis/Kartaview_Dataset/Rest_set/186548_8b47d_5919c2e8eeae0.jpg,0.2134894696048628
116,/home/yiwei/Documents/New Fast Image Analysis/Kartaview_Dataset/Rest_set/186548_91d03_5919c3db8c7e2.jpg,0.21305164952973996
241,/home/yiwei/Documents/New Fast Image Analysis/Kartaview_Dataset/Rest_set/186548_8851f_5919c349b27b3.jpg,0.210725072961218
176,/home/yiwei/Documents/New Fast Image Analysis/Kartaview_Dataset/Rest_set/186548_c1d14_5919c38144a6f.jpg,0.20883512193200912
228,/home/yiwei/Documents/New Fast Image Analysis/Kartaview_Dataset/Rest_set/186548_b9fe2_5919c38c1ccd8.jpg,0.20602200264473253
64,/home/yiwei/Documents/New Fast Image Analysis/Kartaview_Dataset/Rest_set/186548_597f0_5919c2ff99612.jpg,0.20525968766469926
178,/home/yiwei/Documents/New Fast Image Analysis/Kartaview_Dataset/Rest_set/186548_b9fe2_5919c38af3f63.jpg,0.19798230591989396
77,/home/yiwei/Documents/New Fast Image Analysis/Kartaview_Dataset/Rest_set/186548_6c946_5919c2e036b17.jpg,0.19645972015791482
46,/home/yiwei/Documents/New Fast Image Analysis/Kartaview_Dataset/Rest_set/186548_84b13_5919c2f98e5c4.jpg,0.19548236195271884
152,/home/yiwei/Documents/New Fast Image Analysis/Kartaview_Dataset/Rest_set/186548_e71d3_5919c2ceb872e.jpg,0.19536158006036083
19,/home/yiwei/Documents/New Fast Image Analysis/Kartaview_Dataset/Rest_set/186548_de48b_5919c32b0a2b1.jpg,0.19255134011363761
160,/home/yiwei/Documents/New Fast Image Analysis/Kartaview_Dataset/Rest_set/186548_3deb8_5919c3186be26.jpg,0.19057410057313565
123,/home/yiwei/Documents/New Fast Image Analysis/Kartaview_Dataset/Rest_set/186548_81610_5919c3f014e3b.jpg,0.18950098579029384
204,/home/yiwei/Documents/New Fast Image Analysis/Kartaview_Dataset/Rest_set/186548_fe58c_5919c3f96afe5.jpg,0.1886476238869522
131,/home/yiwei/Documents/New Fast Image Analysis/Kartaview_Dataset/Rest_set/186548_ffff1_5919c2cc58758.jpg,0.1885579040883443
200,/home/yiwei/Documents/New Fast Image Analysis/Kartaview_Dataset/Rest_set/186548_2ddf1_5919c3c8b1088.jpg,0.1885489593932398
191,/home/yiwei/Documents/New Fast Image Analysis/Kartaview_Dataset/Rest_set/186548_8851f_5919c344e7768.jpg,0.18845594892998593
170,/home/yiwei/Documents/New Fast Image Analysis/Kartaview_Dataset/Rest_set/186548_dd8a3_5919c3a8f41b1.jpg,0.18743339931454556
110,/home/yiwei/Documents/New Fast Image Analysis/Kartaview_Dataset/Rest_set/186548_d7ced_5919c321f16b1.jpg,0.18710416890402723
207,/home/yiwei/Documents/New Fast Image Analysis/Kartaview_Dataset/Rest_set/186548_6c946_5919c2e01da09.jpg,0.18536522837839647
112,/home/yiwei/Documents/New Fast Image Analysis/Kartaview_Dataset/Rest_set/186548_72e79_5919c302a0118.jpg,0.18401199995463535
188,/home/yiwei/Documents/New Fast Image Analysis/Kartaview_Dataset/Rest_set/186548_adb58_5919c333bcee6.jpg,0.18322253004378677
37,/home/yiwei/Documents/New Fast Image Analysis/Kartaview_Dataset/Rest_set/186548_ba53c_5919c2a152bc2.jpg,0.18305257616495652
6,/home/yiwei/Documents/New Fast Image Analysis/Kartaview_Dataset/Rest_set/186548_6c946_5919c2d539298.jpg,0.18117601632887384
11,/home/yiwei/Documents/New Fast Image Analysis/Kartaview_Dataset/Rest_set/186548_8b47d_5919c2dd5acd6.jpg,0.1800348931706668
212,/home/yiwei/Documents/New Fast Image Analysis/Kartaview_Dataset/Rest_set/186548_75541_5919c3d418795.jpg,0.17929263150985275
140,/home/yiwei/Documents/New Fast Image Analysis/Kartaview_Dataset/Rest_set/186548_41850_5919c33c69406.jpg,0.178794148876763
62,/home/yiwei/Documents/New Fast Image Analysis/Kartaview_Dataset/Rest_set/186548_91d03_5919c3de54319.jpg,0.17858786918472855
224,/home/yiwei/Documents/New Fast Image Analysis/Kartaview_Dataset/Rest_set/186548_cf70c_5919c39e118e7.jpg,0.17773461813313055
5,/home/yiwei/Documents/New Fast Image Analysis/Kartaview_Dataset/Rest_set/186548_47b84_5919c2c0dfe88.jpg,0.17716018647524825
244,/home/yiwei/Documents/New Fast Image Analysis/Kartaview_Dataset/Rest_set/186548_e71d3_5919c2cf03ba0.jpg,0.17590597962499616
211,/home/yiwei/Documents/New Fast Image Analysis/Kartaview_Dataset/Rest_set/186548_ac089_5919c39614b7b.jpg,0.17550841034567763
108,/home/yiwei/Documents/New Fast Image Analysis/Kartaview_Dataset/Rest_set/186548_e811e_5919c3bf63363.jpg,0.17192602191317458
119,/home/yiwei/Documents/New Fast Image Analysis/Kartaview_Dataset/Rest_set/186548_597f0_5919c30e82186.jpg,0.17002489490964462
42,/home/yiwei/Documents/New Fast Image Analysis/Kartaview_Dataset/Rest_set/186548_3b530_5919c28fb8d5d.jpg,0.1680452586982254
205,/home/yiwei/Documents/New Fast Image Analysis/Kartaview_Dataset/Rest_set/186548_72e79_5919c3043e754.jpg,0.16756573265868238
208,/home/yiwei/Documents/New Fast Image Analysis/Kartaview_Dataset/Rest_set/186548_8b47d_5919c2e918de3.jpg,0.16657158301960995
172,/home/yiwei/Documents/New Fast Image Analysis/Kartaview_Dataset/Rest_set/186548_987eb_5919c3b2bb4b6.jpg,0.16626295991953427
153,/home/yiwei/Documents/New Fast Image Analysis/Kartaview_Dataset/Rest_set/186548_3b530_5919c28f5ef39.jpg,0.16575924981705956
48,/home/yiwei/Documents/New Fast Image Analysis/Kartaview_Dataset/Rest_set/186548_94bd6_5919c2a88cf72.jpg,0.16553446094289836
185,/home/yiwei/Documents/New Fast Image Analysis/Kartaview_Dataset/Rest_set/186548_ffff1_5919c2d7442e1.jpg,0.1644415809746519
145,/home/yiwei/Documents/New Fast Image Analysis/Kartaview_Dataset/Rest_set/186548_84b13_5919c2fb4dd88.jpg,0.16373369538418484
234,/home/yiwei/Documents/New Fast Image Analysis/Kartaview_Dataset/Rest_set/186548_ffff1_5919c2d7bbef9.jpg,0.16180686279700318
63,/home/yiwei/Documents/New Fast Image Analysis/Kartaview_Dataset/Rest_set/186548_e0a45_5919c2b0a34be.jpg,0.16050251574301969
193,/home/yiwei/Documents/New Fast Image Analysis/Kartaview_Dataset/Rest_set/186548_a9b9c_5919c29666230.jpg,0.15667068466796824
61,/home/yiwei/Documents/New Fast Image Analysis/Kartaview_Dataset/Rest_set/186548_ff07a_5919c2b89cf2b.jpg,0.15150133852469164
59,/home/yiwei/Documents/New Fast Image Analysis/Kartaview_Dataset/Rest_set/186548_a9b9c_5919c297a2fd9.jpg,0.15132866328303685
184,/home/yiwei/Documents/New Fast Image Analysis/Kartaview_Dataset/Rest_set/186548_ba53c_5919c29d85d21.jpg,0.15092599470446733
243,/home/yiwei/Documents/New Fast Image Analysis/Kartaview_Dataset/Rest_set/186548_47b84_5919c2bce53c5.jpg,0.1487800322152787
94,/home/yiwei/Documents/New Fast Image Analysis/Kartaview_Dataset/Rest_set/186548_dee7e_5919c2f152aa6.jpg,0.14604746251466735
139,/home/yiwei/Documents/New Fast Image Analysis/Kartaview_Dataset/Rest_set/186548_7967e_5919c2c54de49.jpg,0.14497280142629457
